1726180630418,47.44475
1726180630433,44.60633
1726180630527,24.66082
1726180630574,14.89075
1726180630590,11.5017
1726180630605,8.314621
1726180630699,-7.646672
1726180630762,-15.63587
1726180630777,-17.68515
1726180630840,-34.04239
1726180630933,-28.82216
1726180630949,-16.2288
1726180631027,43.38816
1726180631058,49.99904
1726180631074,48.78198
1726180631090,44.9879
1726180631105,39.23837
1726180631121,32.36078
1726180631168,13.60751
1726180631183,9.957647
1726180631262,9.353635
1726180631277,10.65735
1726180631293,11.87075
1726180631324,13.31282
1726180631340,13.2278
1726180631387,9.336657
1726180631449,-0.08419967
1726180631465,-2.359673
1726180631574,-19.48274
1726180631605,-24.96342
1726180631621,-27.48837
1726180631637,-29.82144
1726180631730,-48.59761
1726180631746,-54.15097
1726180631793,-66.41219
1726180631808,-65.09859
1726180631933,23.80075
1726180631949,29.41703
1726180631965,32.67007
1726180631980,33.8831
1726180632043,24.65586
1726180632058,20.99235
1726180632074,17.91603
1726180632090,15.95319
1726180632121,16.20236
1726180632137,18.20189
1726180632152,20.93968
1726180632168,23.92675
1726180632183,26.7078
1726180632215,30.51589
1726180632230,31.23258
1726180632246,31.05998
1726180632262,29.99335
1726180632308,22.51239
1726180632324,19.27543
1726180632340,16.05597
1726180632480,-10.13214
1726180632496,-13.54235
1726180632558,-25.02861
1726180632590,-28.87799
1726180632605,-30.99512
1726180632621,-33.81445
1726180632637,-37.68706
1726180632652,-42.63267
1726180632668,-48.15967
1726180632746,-44.25759
1726180632777,-17.97931
1726180632824,22.58337
1726180632855,38.48343
1726180632871,42.53415
1726180632887,44.29565
1726180632949,35.76426
1726180632965,32.31348
1726180632996,27.3341
1726180633012,26.20761
1726180633059,27.44946
1726180633152,35.28104
1726180633168,34.70489
1726180633184,33.27363
1726180633293,10.39717
1726180633340,1.472572
1726180633355,-0.8538895
1726180633402,-8.653763
1726180633418,-11.93935
1726180633434,-15.38937
1726180633512,-27.67915
1726180633527,-29.60757
1726180633590,-46.22248
1726180633684,-45.2425
1726180633699,-32.79722
1726180633746,7.435875
1726180633762,17.63061
1726180633840,34.81513
1726180633855,32.72625
1726180633871,29.5559
1726180633965,19.11558
1726180633996,23.41706
1726180634027,28.73966
1726180634043,30.9016
1726180634090,31.95428
1726180634105,30.25928
1726180634121,27.87607
1726180634137,25.20347
1726180634152,22.59747
1726180634199,15.92159
1726180634215,13.50974
1726180634230,10.71979
1726180634371,-10.2397
1726180634387,-13.24079
1726180634434,-21.22272
1726180634449,-23.16384
1726180634465,-24.98717
1726180634527,-37.94775
1726180634543,-43.15753
1726180634559,-48.21598
1726180634668,-10.1297
1726180634684,2.075859
1726180634699,12.5984
1726180634715,20.87943
1726180634762,32.32133
1726180634840,19.69933
1726180634887,12.51383
1726180634902,13.05045
1726180634996,27.37851
1726180635027,26.98742
1726180635043,25.36588
1726180635059,23.11328
1726180635074,20.5316
1726180635184,1.279022
1726180635230,-6.94516
1726180635246,-9.525921
1726180635277,-14.76485
1726180635293,-17.53231
1726180635355,-27.52547
1726180635402,-33.16732
1726180635418,-35.70654
1726180635465,-48.9247
1726180635481,-54.78622
1726180635543,-60.15093
1726180635574,-40.60919
1726180635590,-26.83129
1726180635668,29.84573
1726180635699,36.92946
1726180635746,33.13399
1726180635762,29.71218
1726180635856,22.83286
1726180635918,30.61199
1726180635934,32.1616
1726180635981,32.88511
1726180635996,31.21691
1726180636090,13.94946
1726180636106,10.89812
1726180636137,3.803448
1726180636152,0.108799
1726180636215,-10.46939
1726180636231,-12.45457
1726180636262,-17.28655
1726180636277,-20.11675
1726180636371,-34.8843
1726180636402,-42.67508
1726180636434,-53.2068
1726180636449,-58.25157
1726180636496,-59.62382
1726180636527,-41.42898
1726180636590,11.48919
1726180636606,20.50593
1726180636699,33.25018
1726180636777,22.06287
1726180636793,22.80325
1726180636887,32.23562
1726180636934,32.0715
1726180636949,30.27611
1726180636965,27.72441
1726180637012,19.07295
1726180637027,16.7173
1726180637043,14.58471
1726180637121,1.259857
1726180637137,-1.563656
1726180637184,-8.204334
1726180637215,-12.2094
1726180637262,-20.98137
1726180637277,-24.21493
1726180637293,-27.01674
1726180637309,-29.10847
1726180637324,-30.49898
1726180637340,-31.53218
1726180637465,-61.55207
1726180637481,-59.421
1726180637527,-29.30561
1726180637559,-1.395415
1726180637621,32.96767
1726180637637,36.20384
1726180637652,37.48482
1726180637777,19.01825
1726180637809,22.61327
1726180637824,24.9814
1726180637918,33.96261
1726180637934,32.10788
1726180637981,21.37547
1726180637996,17.46284
1726180638027,11.07576
1726180638043,8.696609
1726180638153,-7.088705
1726180638168,-8.256268
1726180638215,-10.31329
1726180638278,-19.09269
1726180638293,-22.06134
1726180638324,-27.70626
1726180638340,-30.42112
1726180638496,-44.6731
1726180638512,-33.61121
1726180638574,14.49352
1726180638590,22.427
1726180638606,28.09456
1726180638668,29.54531
1726180638684,25.68982
1726180638731,13.37631
1726180638778,11.22316
1726180638840,21.76697
1726180638856,24.41982
1726180638903,26.87588
1726180638934,23.01235
1726180638949,20.2141
1726180638996,13.10472
1726180639012,11.29733
1726180639028,9.307325
1726180639121,-6.981323
1726180639153,-9.936836
1726180639184,-14.1755
1726180639199,-17.16648
1726180639231,-23.78097
1726180639246,-26.82122
1726180639262,-29.58148
1726180639340,-47.11378
1726180639356,-52.50655
1726180639371,-57.94599
1726180639403,-64.91983
1726180639496,-11.30387
1726180639528,12.72898
1726180639543,21.64658
1726180639590,35.22843
1726180639637,31.7827
1726180639668,24.94602
1726180639699,20.28016
1726180639715,19.75367
1726180639762,24.33438
1726180639778,26.94019
1726180639793,29.57274
1726180639824,33.54213
1726180639871,31.83831
1726180639887,29.32863
1726180639934,21.26796
1726180639949,18.97727
1726180639965,16.67043
1726180639981,14.10356
1726180639996,11.19847
1726180640043,1.624171
1726180640059,-1.296567
1726180640168,-22.70303
1726180640184,-26.62229
1726180640215,-33.31627
1726180640231,-35.88859
1726180640293,-47.96209
1726180640371,-63.16043
1726180640387,-57.46434
1726180640403,-47.66648
1726180640434,-20.31489
1726180640449,-5.994776
1726180640496,25.52211
1726180640512,31.21154
1726180640528,34.73315
1726180640559,36.0633
1726180640574,34.31055
1726180640621,24.68983
1726180640699,23.95935
1726180640715,26.73752
1726180640731,29.6762
1726180640746,32.42973
1726180640793,37.0592
1726180640871,25.3583
1726180640903,18.18589
1726180640918,15.25169
1726180640996,1.341618
1726180641012,-1.619099
1726180641059,-8.164864
1726180641075,-9.98851
1726180641090,-12.13322
1726180641215,-32.05427
1726180641246,-38.04234
1726180641262,-42.668
1726180641356,-53.7868
1726180641418,-2.184593
1726180641434,9.807674
1726180641481,29.77985
1726180641496,31.84464
1726180641512,32.1783
1726180641590,17.86776
1726180641606,15.37634
1726180641653,15.91225
1726180641668,18.28591
1726180641684,21.26243
1726180641746,33.72217
1726180641762,35.35807
1726180641778,35.72974
1726180641809,32.49243
1726180641840,25.95258
1726180641918,9.653709
1726180641934,6.09449
1726180641950,2.570663
1726180641996,-4.723045
1726180642012,-5.966904
1726180642090,-15.16149
1726180642106,-17.23244
1726180642121,-18.9002
1726180642200,-29.60307
1726180642231,-40.33072
1726180642278,-52.94795
1726180642293,-51.22251
1726180642340,-22.99138
1726180642356,-9.606857
1726180642371,3.196106
1726180642403,23.11328
1726180642450,35.36012
1726180642465,35.12809
1726180642543,16.93333
1726180642559,14.25706
1726180642575,13.15894
1726180642590,13.71496
1726180642606,15.69745
1726180642621,18.65232
1726180642637,21.99918
1726180642700,30.11095
1726180642715,29.73595
1726180642731,28.38332
1726180642793,15.87749
1726180642809,12.02207
1726180642856,1.492577
1726180642871,-1.481148
1726180642887,-4.106995
1726180642903,-6.323898
1726180642918,-8.097664
1726180642934,-9.531425
1726180642965,-12.28811
1726180642981,-14.07999
1726180643043,-24.72767
1726180643059,-27.64756
1726180643137,-44.63249
1726180643153,-49.66788
1726180643231,-57.97694
1726180643246,-49.4209
1726180643309,4.906212
1726180643325,16.32189
1726180643340,25.11626
1726180643434,32.68253
1726180643450,29.44253
1726180643465,26.06132
1726180643481,23.0896
1726180643497,20.97942
1726180643528,19.99042
1726180643543,20.87115
1726180643606,27.6948
1726180643622,29.19154
1726180643637,30.09879
1726180643653,30.16138
1726180643668,29.26504
1726180643731,20.06803
1726180643778,11.60796
1726180643793,8.147232
1726180643825,0.7401962
1726180643840,-2.594711
1726180643903,-11.22061
1726180643918,-13.29613
1726180643934,-15.71741
1726180643997,-25.27808
1726180644012,-27.16043
1726180644059,-36.29187
1726180644075,-41.45741
1726180644090,-47.52312
1726180644106,-53.89317
1726180644153,-64.08191
1726180644168,-60.7356
1726180644184,-53.06544
1726180644215,-27.70409
1726180644231,-12.96632
1726180644293,28.89812
1726180644309,33.04781
1726180644340,34.92607
1726180644356,33.25092
1726180644465,19.17022
1726180644512,25.90616
1726180644528,28.55251
1726180644575,33.82243
1726180644606,32.58636
1726180644637,27.35193
1726180644684,18.54915
1726180644700,16.37675
1726180644809,1.685577
1726180644856,-4.070923
1726180644872,-6.712479
1726180645028,-38.82445
1726180645043,-44.21939
1726180645153,-43.74548
1726180645200,-1.232864
1726180645215,11.59213
1726180645309,34.12997
1726180645340,27.38724
1726180645356,23.6591
1726180645372,20.39075
1726180645387,18.03841
1726180645543,36.47893
1726180645559,35.67244
1726180645637,19.74422
1726180645668,14.07144
1726180645715,5.667114
1726180645731,2.671829
1726180645778,-4.406677
1726180645793,-5.827362
1726180645809,-6.954391
1726180645825,-8.052734
1726180645887,-15.11884
1726180645903,-17.42278
1726180645997,-35.599
1726180646012,-40.71027
1726180646028,-45.96747
1726180646043,-50.49396
1726180646059,-53.19122
1726180646075,-52.9628
1726180646106,-41.33389
1726180646122,-30.39099
1726180646231,36.10741
1726180646247,36.89709
1726180646278,32.97638
1726180646372,15.1651
1726180646403,17.97673
1726180646419,20.50783
1726180646450,25.92238
1726180646544,28.06856
1726180646575,22.29424
1726180646590,18.71159
1726180646653,3.136978
1726180646684,-4.301834
1726180646747,-13.64926
1726180646762,-14.84776
1726180646794,-17.83788
1726180646809,-20.06707
1726180646825,-22.7411
1726180646840,-25.58817
1726180646919,-39.41156
1726180646934,-43.85297
1726180647012,-64.94905
1726180647044,-55.53548
1726180647090,-17.17347
1726180647106,-2.773476
1726180647153,28.21848
1726180647184,35.89426
1726180647262,26.20926
1726180647278,23.41403
1726180647372,27.06271
1726180647387,29.42319
1726180647403,31.52779
1726180647434,34.32469
1726180647450,34.79579
1726180647481,33.31204
1726180647559,19.48832
1726180647606,11.39684
1726180647622,8.334518
1726180647747,-11.98561
1726180647762,-14.46759
1726180647778,-17.30589
1726180647794,-20.33481
1726180647856,-31.33858
1726180647903,-42.66421
1726180647934,-54.32609
1726180647950,-60.01653
1726180647965,-64.10103
1726180648075,-1.659622
1726180648106,20.12183
1726180648169,35.99201
1726180648184,35.08819
1726180648247,23.24351
1726180648262,21.10306
1726180648278,20.05277
1726180648294,20.17184
1726180648309,21.37384
1726180648325,23.43714
1726180648372,31.30274
1726180648403,34.39324
1726180648465,29.1377
1726180648481,25.77898
1726180648512,18.78275
1726180648528,15.81963
1726180648575,9.14875
1726180648637,-0.4571381
1726180648653,-2.585373
1726180648700,-8.404312
1726180648715,-10.75896
1726180648809,-24.54633
1726180648825,-26.43159
1726180648981,-52.63428
1726180648997,-43.14474
1726180649028,-17.10894
1726180649153,31.80785
1726180649169,29.30045
1726180649200,21.7216
1726180649216,18.05374
1726180649231,15.48012
1726180649294,19.46622
1726180649325,24.77654
1726180649341,26.83351
1726180649419,27.91759
1726180649434,26.38514
1726180649497,15.69373
1726180649512,12.07637
1726180649528,8.478493
1726180649669,-12.23564
1726180649684,-15.38686
1726180649731,-23.40185
1726180649747,-25.94981
1726180649762,-28.73212
1726180649841,-49.5115
1726180649856,-53.34462
1726180649903,-48.35916
1726180649919,-39.41739
1726180649966,-1.246059
1726180649981,10.7485
1726180649997,20.72241
1726180650059,36.65591
1726180650075,35.30906
1726180650091,32.46871
1726180650184,15.29549
1726180650200,16.51655
1726180650231,21.30943
1726180650247,23.74155
1726180650278,26.70728
1726180650356,21.29212
1726180650372,18.81511
1726180650450,3.537663
1726180650481,-1.566235
1726180650528,-6.835144
1726180650544,-8.683582
1726180650606,-19.17402
1726180650622,-21.87385
1726180650700,-36.45878
1726180650716,-41.43652
1726180650731,-47.43212
1726180650747,-54.12523
1726180650872,-25.31343
1726180650887,-10.52857
1726180650934,22.72614
1726180650966,32.79242
1726180651044,28.87903
1726180651216,35.36637
1726180651231,35.76526
1726180651309,24.65944
1726180651356,16.64789
1726180651372,13.61172
1726180651387,10.14173
1726180651403,6.346716
1726180651528,-15.12357
1726180651559,-20.6318
1726180651575,-23.57978
1726180651653,-36.50481
1726180651700,-52.34925
1726180651731,-63.90277
1726180651747,-66.44922
1726180651794,-49.25908
1726180651856,8.451057
1726180651903,34.85951
1726180651919,38.51416
1726180652013,26.616
1726180652075,23.3657
1726180652091,24.72649
1726180652153,30.62997
1726180652169,31.48291
1726180652184,31.79662
1726180652200,31.3964
1726180652247,25.55093
1726180652263,22.62174
1726180652309,14.20628
1726180652356,5.653619
1726180652372,2.614866
1726180652419,-5.346878
1726180652434,-7.812887
1726180652528,-25.83603
1726180652559,-30.19035
1726180652591,-34.6436
1726180652606,-37.58642
1726180652669,-55.79913
1726180652700,-60.41283
1726180652716,-57.68909
1726180652731,-50.77161
1726180652763,-26.86328
1726180652778,-12.80189
1726180652934,23.89804
1726180652950,19.6509
1726180652981,14.28943
1726180652997,13.92321
1726180653106,31.83474
1726180653122,32.95455
1726180653169,29.37746
1726180653200,21.93178
1726180653216,17.32869
1726180653278,0.687047
1726180653294,-2.125875
1726180653341,-9.57778
1726180653450,-28.31407
1726180653466,-30.71964
1726180653559,-55.42689
1726180653606,-59.16413
1726180653622,-53.34994
1726180653638,-43.68923
1726180653700,8.8409
1726180653794,36.93554
1726180653809,34.98756
1726180653872,20.99036
1726180653950,23.48299
1726180653966,25.67426
1726180654138,14.15665
1726180654153,10.87289
1726180654200,2.15568
1726180654263,-7.918839
1726180654310,-17.16225
1726180654325,-20.43066
1726180654356,-27.01178
1726180654372,-30.37587
1726180654403,-37.70165
1726180654419,-42.03302
1726180654435,-47.03344
1726180654450,-52.61515
1726180654466,-58.25034
1726180654481,-62.94604
1726180654497,-65.42355
1726180654575,-23.86901
1726180654591,-9.595594
1726180654606,3.680916
1726180654638,24.38195
1726180654763,27.09982
1726180654810,22.75905
1726180654825,23.29533
1726180654841,24.77878
1726180654997,27.02564
1726180655013,23.52366
1726180655044,16.32014
1726180655060,13.02777
1726180655106,5.121049
1726180655122,2.857811
1726180655169,-4.808386
1726180655185,-7.926955
1726180655216,-14.72545
1726180655247,-21.19113
1726180655263,-23.9988
1726180655310,-31.97745
1726180655341,-40.23264
1726180655356,-45.9953
1726180655435,-62.10403
1726180655513,-0.4625671
1726180655528,12.10101
1726180655575,34.05563
1726180655669,24.90274
1726180655685,21.80024
1726180655700,19.79996
1726180655763,24.64187
1726180655778,27.32951
1726180655794,29.65133
1726180655856,31.3875
1726180655872,29.84796
1726180655950,15.28051
1726180655981,8.73176
1726180656013,2.640142
1726180656028,-0.05603027
1726180656044,-2.49395
1726180656075,-7.000229
1726180656091,-9.339098
1726180656200,-24.2555
1726180656216,-26.89248
1726180656294,-51.93655
1726180656372,-33.40437
1726180656388,-19.9773
1726180656466,31.94366
1726180656544,30.33785
1726180656560,25.81787
1726180656638,15.17261
1726180656669,19.02537
1726180656685,21.32685
1726180656716,24.92838
1726180656731,25.85498
1726180656794,23.15937
1726180656810,20.95103
1726180656888,4.959715
1726180656903,1.943283
1726180657013,-19.92723
1726180657044,-25.21262
1726180657060,-27.6111
1726180657075,-29.97554
1726180657138,-43.39104
1726180657169,-54.88937
1726180657200,-65.47089
1726180657232,-65.61226
1726180657247,-59.4344
1726180657388,34.60289
1726180657403,36.31788
1726180657419,36.51121
1726180657450,33.49546
1726180657466,30.96297
1726180657482,28.33401
1726180657497,26.08722
1726180657513,24.62716
1726180657544,24.86026
1726180657560,26.39575
1726180657575,28.5073
1726180657591,30.80545
1726180657638,35.53484
1726180657669,34.52337
1726180657747,18.7354
1726180657763,15.07232
1726180657857,-6.861225
1726180657888,-11.84798
1726180657919,-16.14899
1726180657935,-18.31542
1726180657966,-22.5393
1726180657997,-26.91087
1726180658060,-40.12907
1726180658091,-49.98705
1726180658107,-55.15803
1726180658153,-60.15655
1726180658185,-44.68616
1726180658263,21.15192
1726180658310,37.27463
1726180658325,38.35812
1726180658341,37.63105
1726180658357,35.36184
1726180658435,22.06192
1726180658450,22.43586
1726180658497,27.32243
1726180658513,29.2288
1726180658528,31.04962
1726180658607,31.84974
1726180658622,29.05004
1726180658700,12.60304
1726180658747,4.022285
1726180658778,-1.667885
1726180658794,-4.029476
1726180658872,-15.5668
1726180658950,-28.68682
1726180658966,-30.99406
1726180659060,-58.13883
1726180659091,-62.00082
1726180659122,-50.16177
1726180659138,-38.25987
1726180659185,4.390247
1726180659200,15.64819
1726180659232,29.51035
1726180659263,32.84679
1726180659294,28.24305
1726180659310,24.13226
1726180659357,13.2575
1726180659372,12.1969
1726180659403,14.53551
1726180659466,25.88051
1726180659482,28.06093
1726180659560,26.67957
1726180659591,21.1284
1726180659622,14.62933
1726180659638,11.42696
1726180659653,8.503204
1726180659716,0.6767578
1726180659747,-3.578758
1726180659763,-6.476547
1726180659779,-9.719139
1726180659810,-16.1447
1726180659825,-18.86655
1726180659919,-37.48032
1726180659966,-55.11666
1726180659982,-58.73644
1726180659997,-59.22919
1726180660029,-48.47307
1726180660075,-11.28249
1726180660154,33.93032
1726180660169,35.77962
1726180660200,33.19893
1726180660216,29.75304
1726180660294,16.69604
1726180660310,17.47059
1726180660325,19.04118
1726180660341,20.93756
1726180660435,26.0754
1726180660450,25.17921
1726180660466,23.603
1726180660497,18.56483
1726180660513,15.44547
1726180660607,-1.364418
1726180660654,-10.59724
1726180660669,-14.46255
1726180660685,-18.48253
1726180660747,-30.36585
1726180660810,-38.25027
1726180660841,-47.56751
1726180660857,-53.5742
1726180660888,-63.51674
1726180660904,-64.58826
1726180660919,-61.42726
1726180660982,-12.88298
1726180660997,1.250961
1726180661013,13.48455
1726180661029,23.32954
1726180661044,30.70347
1726180661060,35.6914
1726180661075,38.38628
1726180661154,27.72214
1726180661169,24.7823
1726180661185,22.83644
1726180661200,22.06719
1726180661247,25.93124
1726180661263,28.4475
1726180661279,31.0138
1726180661294,33.22051
1726180661310,34.71742
1726180661325,35.19411
1726180661357,32.68397
1726180661372,29.98765
1726180661450,14.92753
1726180661482,9.76593
1726180661513,3.711472
1726180661529,0.5221558
1726180661544,-2.496803
1726180661622,-14.88422
1726180661654,-20.99022
1726180661700,-28.99198
1726180661716,-31.19853
1726180661779,-46.43123
1726180661872,-49.30833
1726180661888,-38.01345
1726180662044,38.08227
1726180662060,35.57898
1726180662091,28.31358
1726180662107,24.77204
1726180662122,22.09357
1726180662216,28.73963
1726180662232,31.35222
1726180662372,21.75005
1726180662388,18.83726
1726180662404,16.13563
1726180662435,10.8691
1726180662451,8.079636
1726180662529,-4.420235
1726180662560,-8.287949
1726180662576,-10.31549
1726180662622,-15.59354
1726180662638,-16.82401
1726180662716,-31.96169
1726180662732,-38.42636
1726180662747,-45.66062
1726180662841,-55.411
1726180662872,-33.36058
1726180662904,-10.7456
1726180662919,-3.128983
1726180663013,-15.88507
1726180663060,-17.57636
1726180663076,-11.75505
1726180663091,-2.967377
1726180663154,53.10168
1726180663185,92.7455
1726180663201,114.4642
1726180663216,135.5562
1726180663247,167.7706
1726180663263,175.5519
1726180663326,152.084
1726180663372,109.1996
1726180663419,58.90315
1726180663435,40.99551
1726180663591,-106.3681
1726180663607,-114.0653
1726180663685,-138.8356
1726180663732,-112.517
1726180663763,-76.34381
1726180663779,-57.38055
1726180663904,16.20587
1726180663919,14.66995
1726180663935,12.07031
1726180663951,9.453644
1726180663997,8.46637
1726180664013,10.69153
1726180664044,16.37646
1726180664076,20.64294
1726180664107,21.47919
1726180664122,20.39191
1726180664169,12.46265
1726180664201,4.956451
1726180664279,-15.42532
1726180664294,-18.54974
1726180664326,-24.38373
1726180664341,-27.61774
1726180664451,-46.69107
1726180664466,-48.79266
1726180664560,-76.77142
1726180664591,-79.45313
1726180664607,-74.83691
1726180664622,-65.78015
1726180664638,-52.992
1726180664747,30.71869
1726180664763,33.76025
1726180664779,34.36237
1726180664794,32.87579
1726180664810,29.90967
1726180664904,21.45322
1726180664919,24.34714
1726180664951,31.16916
1726180664966,34.12363
1726180664982,36.36014
1726180665076,34.31674
1726180665091,31.62851
1726180665123,24.37793
1726180665138,20.13556
1726180665154,15.82651
1726180665232,-0.3201904
1726180665263,-5.903168
1726180665310,-15.58344
1726180665326,-18.59003
1726180665357,-24.03287
1726180665388,-29.92633
1726180665451,-51.14003
1726180665466,-57.50247
1726180665482,-62.32584
1726180665498,-64.15314
1726180665654,34.3439
1726180665669,37.35126
1726180665779,18.85756
1726180665794,17.57442
1726180665810,17.74458
1726180665826,19.12604
1726180665841,21.34015
1726180665904,31.56381
1726180665919,33.19011
1726180665998,28.54462
1726180666013,25.4548
1726180666044,18.18724
1726180666060,14.28915
1726180666123,0.4164124
1726180666138,-2.475052
1726180666154,-5.37767
1726180666169,-8.363159
1726180666185,-11.3631
1726180666216,-16.83195
1726180666232,-19.14987
1726180666294,-28.21806
1726180666341,-39.1006
1726180666357,-43.81329
1726180666404,-53.94971
1726180666498,4.014267
1726180666513,17.04279
1726180666529,27.76578
1726180666623,35.49695
1726180666638,29.73096
1726180666669,18.41217
1726180666685,14.68564
1726180666701,12.94907
1726180666810,23.14749
1726180666826,23.47862
1726180666841,23.2047
1726180666857,22.22837
1726180666873,20.43715
1726180666951,2.552879
1726180666966,-1.375374
1726180667029,-14.72057
1726180667044,-17.69542
1726180667091,-25.91213
1726180667107,-28.30451
1726180667123,-30.56229
1726180667138,-32.76633
1726180667154,-34.99633
1726180667169,-37.36467
1726180667185,-40.09525
1726180667201,-43.5088
1726180667216,-47.89362
1726180667263,-64.267
1726180667326,-52.88863
1726180667373,-10.43479
1726180667388,4.079384
1726180667544,34.23982
1726180667560,30.82375
1726180667716,42.29442
1726180667732,41.61786
1726180667873,11.77435
1726180667888,8.301846
1726180667904,4.986155
1726180667998,-14.15566
1726180668045,-24.03417
1726180668060,-27.3531
1726180668076,-30.92354
1726180668123,-45.17186
1726180668138,-51.10064
1726180668170,-61.87757
1726180668185,-64.74551
1726180668232,-51.35586
1726180668248,-38.89112
1726180668341,37.02741
1726180668357,41.52794
1726180668404,43.36642
1726180668420,41.30738
1726180668435,38.56509
1726180668451,35.61124
1726180668466,32.95203
1726180668545,32.31181
1726180668576,35.67299
1726180668591,36.98787
1726180668638,37.19301
1726180668670,33.96269
1726180668685,31.56949
1726180668701,28.77614
1726180668716,25.6191
1726180668748,18.46134
1726180668763,14.69113
1726180668810,4.385221
1726180668841,-1.223309
1726180668873,-6.9638
1726180668904,-13.75823
1726180668920,-17.36407
1726180668935,-20.80659
1726180669029,-36.0691
1726180669060,-45.98216
1726180669091,-59.6848
1726180669107,-65.81509
1726180669201,-27.25185
1726180669216,-11.29404
1726180669263,25.74408
1726180669341,35.69001
1726180669357,32.16373
1726180669404,20.84685
1726180669420,18.97156
1726180669435,18.46307
1726180669451,19.16656
1726180669529,30.54667
1726180669607,29.20961
1726180669623,26.30848
1726180669779,-7.79299
1726180669795,-10.08831
1726180669873,-21.04287
1726180669888,-22.84693
1726180669920,-26.09263
1726180669951,-30.68227
1726180669966,-34.11349
1726180670013,-47.81847
1726180670091,-33.40412
1726180670107,-20.26448
1726180670123,-5.919365
1726180670138,7.981419
1726180670170,29.92626
1726180670185,37.1143
1726180670201,41.80111
1726180670279,31.32011
1726180670295,25.94183
1726180670310,21.70995
1726180670373,20.74599
1726180670467,26.9705
1726180670482,26.84858
1726180670513,23.49541
1726180670545,16.27724
1726180670592,4.901254
1726180670607,2.116444
1726180670638,-2.524488
1726180670654,-4.985546
1726180670685,-11.31241
1726180670701,-15.1183
1726180670717,-19.09668
1726180670732,-22.93974
1726180670795,-35.01405
1726180670810,-38.02356
1726180670826,-41.67735
1726180670904,-68.10178
1726180670967,-48.17949
1726180670982,-33.77584
1726180670998,-18.19193
1726180671092,36.61988
1726180671123,36.00784
1726180671138,33.24508
1726180671154,29.52135
1726180671170,25.50517
1726180671263,22.23012
1726180671295,28.08301
1726180671326,32.58872
1726180671342,33.83044
1726180671388,32.43285
1726180671404,29.99361
1726180671498,5.264586
1726180671513,1.802634
1726180671607,-17.31382
1726180671638,-23.72573
1726180671670,-28.57833
1726180671685,-30.3426
1726180671763,-46.19617
1726180671779,-52.60451
1726180671795,-59.0048
1726180671810,-63.99782
1726180671842,-64.09155
1726180671857,-57.50172
1726180671967,32.51202
1726180672013,44.71535
1726180672029,44.61958
1726180672076,36.83089
1726180672107,30.59917
1726180672123,28.65515
1726180672185,32.14688
1726180672201,34.62728
1726180672248,38.84394
1726180672279,36.70259
1726180672310,31.29206
1726180672326,27.90104
1726180672342,24.28728
1726180672357,20.52395
1726180672373,16.64769
1726180672467,-4.82038
1726180672482,-7.24239
1726180672498,-9.599384
1726180672529,-14.95788
1726180672545,-18.02354
1726180672638,-32.54649
1726180672701,-52.07292
1726180672717,-58.15818
1726180672748,-64.68355
1726180672763,-62.75211
1726180672795,-46.23772
1726180672810,-33.00601
1726180672873,18.32426
1726180672904,29.54817
1726180672935,31.22923
1726180673029,14.52575
1726180673045,14.34072
1726180673060,15.52409
1726180673107,23.33816
1726180673217,28.28041
1726180673232,26.33043
1726180673279,17.80936
1726180673310,11.8517
1726180673357,4.443317
1726180673389,-0.8682346
1726180673404,-3.767735
1726180673498,-17.79177
1726180673545,-25.04713
1726180673560,-28.80631
1726180673576,-33.51168
1726180673654,-49.65996
1726180673732,3.407269
1726180673748,16.28012
1726180673779,36.93951
1726180673795,43.95116
1726180673873,44.93299
1726180673889,42.18251
1726180673904,40.73438
1726180673920,41.44331
1726180673982,68.9652
1726180673998,79.43648
1726180674014,90.01372
1726180674076,131.3252
1726180674092,141.3579
1726180674123,158.2092
1726180674201,154.0406
1726180674248,117.6558
1726180674264,99.68713
1726180674295,53.68486
1726180674310,26.78328
1726180674326,-0.9108734
1726180674420,-108.2516
1726180674435,-113.8248
1726180674545,-113.297
1726180674576,-88.40466
1726180674592,-72.20435
1726180674607,-56.11417
1726180674717,-28.4263
1726180674748,-45.77264
1726180674764,-56.52579
1726180674779,-67.55759
1726180674873,-121.9884
1726180674935,-146.9967
1726180674951,-149.5769
1726180675029,-114.4073
1726180675045,-97.13666
1726180675107,-18.80725
1726180675123,-2.751221
1726180675170,22.7016
1726180675185,23.33301
1726180675201,20.96176
1726180675217,16.5007
1726180675232,10.80746
1726180675248,4.524109
1726180675264,-1.999207
1726180675279,-8.693176
1726180675295,-15.6767
1726180675326,-31.07663
1726180675342,-39.43781
1726180675451,-47.5929
1726180675467,-36.48334
1726180675576,41.72488
1726180675607,50.43442
1726180675623,52.20541
1726180675639,52.98193
1726180675732,59.01117
1726180675795,66.7247
1726180675810,67.61502
1726180675967,27.22696
1726180675982,21.82799
1726180676029,6.062103
1726180676061,-4.258286
1726180676123,-21.26512
1726180676139,-24.93033
1726180676154,-28.80762
1726180676201,-43.35291
1726180676264,-56.22588
1726180676279,-53.28938
1726180676311,-37.82794
1726180676326,-26.52341
1726180676342,-14.13321
1726180676482,40.6938
1726180676498,37.25909
1726180676561,26.62715
1726180676592,26.60609
1726180676654,31.65524
1726180676670,33.33083
1726180676717,34.47177
1726180676732,32.26932
1726180676748,28.69037
1726180676795,14.94287
1726180676811,11.05856
1726180676826,7.681122
1726180676842,4.480667
1726180676889,-6.224609
1726180676920,-12.2585
1726180676998,-16.23118
1726180677014,-18.13284
1726180677107,-29.20839
1726180677123,-24.82691
1726180677154,-9.143463
1726180677170,0.3787994
1726180677186,9.391228
1726180677295,12.4017
1726180677311,6.007698
1726180677326,-0.9116745
1726180677342,-7.72908
1726180677357,-13.73174
1726180677389,-21.22899
1726180677404,-22.43288
1726180677420,-22.27474
1726180677498,-15.57556
1726180677514,-15.56946
1726180677529,-16.65854
1726180677670,-48.41872
1726180677686,-49.01326
1726180677701,-49.09377
1726180677779,-37.47392
1726180677826,-22.87888
1726180677857,-14.83593
1726180677873,-11.00664
1726180677982,51.83121
1726180678014,76.50625
1726180678029,86.52585
1726180678045,94.30956
1726180678107,100.0231
1726180678154,80.85345
1726180678201,54.59998
1726180678217,47.0388
1726180678311,19.44036
1726180678342,14.43124
1726180678357,11.96453
1726180678373,9.167706
1726180678389,5.893147
1726180678467,-12.91054
1726180678482,-15.76694
1726180678545,-24.52773
1726180678561,-26.96558
1726180678608,-34.10521
1726180678639,-37.24095
1726180678717,-53.14126
1726180678733,-58.05634
1726180678842,-36.60918
1726180678889,-0.8625221
1726180678904,9.427101
1726180679014,35.39879
1726180679029,33.64044
1726180679061,29.74789
1726180679076,28.7458
1726180679201,35.07936
1726180679217,34.68477
1726180679233,33.79391
1726180679248,32.28721
1726180679279,27.1527
1726180679295,23.68443
1726180679311,19.90771
1726180679358,8.161148
1726180679404,-5.73941
1726180679420,-11.20898
1726180679514,-42.53728
1726180679529,-46.0649
1726180679576,-54.17366
1726180679592,-56.66923
1726180679639,-59.92104
1726180679670,-50.54692
1726180679748,17.38697
1726180679764,31.24008
1726180679795,52.9347
1726180679826,65.5931
1726180679920,56.45535
1726180679936,52.11415
1726180679967,44.6748
1726180679983,41.7698
1726180679998,39.46059
1726180680076,32.83246
1726180680092,31.01884
1726180680108,28.77174
1726180680154,20.75661
1726180680170,18.1738
1726180680186,15.76007
1726180680201,13.45432
1726180680264,2.992676
1726180680279,-0.1687088
1726180680358,-14.20559
1726180680389,-18.74821
1726180680404,-20.75775
1726180680420,-22.59204
1726180680436,-24.37861
1726180680451,-26.30839
1726180680467,-28.66019
1726180680483,-31.66442
1726180680498,-35.45815
1726180680514,-40.03006
1726180680592,-58.04121
1726180680608,-55.38633
1726180680623,-49.62909
1726180680686,-10.94453
1726180680701,-2.195396
1726180680779,20.50731
1726180680795,20.70138
1726180680842,15.45629
1726180680889,13.17504
1726180680936,17.66018
1726180680951,19.77154
1726180680967,21.87349
1726180681014,25.54263
1726180681029,25.16394
1726180681045,23.97218
1726180681061,22.14439
1726180681076,19.86137
1726180681092,17.28504
1726180681123,11.60593
1726180681139,8.741058
1726180681201,-0.8480358
1726180681217,-3.029081
1726180681233,-5.319021
1726180681248,-7.716702
1726180681264,-10.13947
1726180681280,-12.4971
1726180681295,-14.72677
1726180681311,-16.79823
1726180681326,-18.74491
1726180681342,-20.68556
1726180681467,-48.01566
1726180681483,-48.03754
1726180681561,-6.450985
1726180681576,5.65659
1726180681592,16.76953
1726180681608,26.27429
1726180681623,33.92887
1726180681639,39.73722
1726180681655,43.79963
1726180681686,46.89578
1726180681717,43.86745
1726180681733,40.83097
1726180681748,37.52806
1726180681811,28.06995
1726180681826,25.89884
1726180681842,23.16919
1726180681873,15.82955
1726180681889,11.20463
1726180682092,-33.55612
1726180682155,-21.50055
1726180682170,-13.98178
1726180682201,1.443287
1726180682233,10.99092
1726180682264,7.388996
1726180682326,-33.55161
1726180682342,-43.20511
1726180682358,-50.5352
1726180682389,-57.90649
1726180682498,-12.43158
1726180682514,-1.176955
1726180682623,27.82179
1726180682655,23.31608
1726180682670,21.25092
1726180682686,19.86091
1726180682733,20.46247
1726180682842,62.40689
1726180682858,78.1614
1726180682889,106.6939
1726180682905,115.8869
1726180682920,120.7105
1726180682998,97.1875
1726180683014,86.37493
1726180683030,74.70344
1726180683061,51.47042
1726180683076,40.55842
1726180683092,29.84018
1726180683108,18.88005
1726180683155,-15.83346
1726180683170,-26.59464
1726180683186,-36.2369
1726180683201,-44.82652
1726180683248,-70.02655
1726180683342,-118.7204
1726180683358,-115.9606
1726180683373,-108.4311
1726180683467,-30.61816
1726180683514,-12.21722
1726180683530,-9.885307
1726180683545,-9.319069
1726180683655,-31.34364
1726180683670,-32.54259
1726180683686,-32.99032
1726180683701,-33.23709
1726180683717,-33.83397
1726180683811,-47.70826
1726180683858,-59.23431
1726180683873,-63.4684
1726180683889,-66.76112
1726180683967,-54.59237
1726180683998,-38.29416
1726180684045,-6.866985
1726180684061,2.640942
1726180684123,29.04174
1726180684139,30.29143
1726180684155,26.05353
1726180684217,-50.01192
1726180684233,-71.7549
1726180684327,-98.4416
1726180684389,-39.18443
1726180684405,-18.14999
1726180684483,46.2509
1726180684498,49.70389
1726180684561,55.98965
1726180684577,57.16516
1726180684639,82.23622
1726180684670,103.4617
1726180684733,118.0989
1726180684748,115.4654
1726180684780,107.3953
1726180684795,103.9956
1726180684827,103.0845
1726180684842,105.723
1726180684905,100.8795
1726180684920,88.21646
1726180685030,-18.20557
1726180685061,-26.77081
1726180685077,-28.06897
1726180685092,-27.63953
1726180685202,47.96359
1726180685233,82.50473
1726180685248,96.35037
1726180685264,106.7548
1726180685327,109.7133
1726180685358,92.35938
1726180685420,48.62785
1726180685436,38.55727
1726180685514,-10.13225
1726180685561,-35.26913
1726180685592,-49.53188
1726180685608,-56.74776
1726180685686,-103.2812
1726180685702,-112.9443
1726180685717,-120.7164
1726180685733,-125.5289
1726180685764,-124.2429
1726180685780,-118.6452
1726180685811,-102.2479
1726180685936,-58.73534
1726180685952,-48.91954
1726180686077,63.70868
1726180686092,70.24163
1726180686108,74.52148
1726180686123,76.71757
1726180686170,73.20618
1726180686280,15.83309
1726180686295,0.8314514
1726180686358,-62.75938
1726180686436,-118.7153
1726180686452,-122.8971
1726180686467,-124.3378
1726180686592,-72.57115
1726180686608,-62.6998
1726180686623,-53.38124
1726180686639,-45.26654
1726180686733,-25.96368
1726180686795,15.60458
1726180686811,31.52379
1726180686905,98.75075
1726180686936,98.25591
1726180686952,94.34776
1726180686967,89.07187
1726180686983,83.2941
1726180687077,59.78815
1726180687139,51.23007
1726180687155,49.4588
1726180687249,29.97754
1726180687280,22.00928
1726180687295,18.16681
1726180687311,14.11255
1726180687327,9.623779
1726180687342,4.706604
1726180687483,-32.70526
1726180687499,-37.35663
1726180687608,-37.93604
1726180687624,-26.63791
1726180687639,-13.74811
1726180687655,-0.4255676
1726180687670,12.36078
1726180687764,45.33762
1726180687827,27.22165
1726180687842,22.92615
1726180687936,19.1127
1726180687967,20.05856
1726180687999,20.23373
1726180688014,19.93024
1726180688108,7.631256
1726180688155,-4.579865
1726180688170,-9.089233
1726180688186,-13.435
1726180688342,-46.77359
1726180688358,-48.1832
1726180688405,-32.53464
1726180688436,-8.03595
1726180688514,41.11359
1726180688530,44.12955
1726180688592,32.98108
1726180688624,21.85172
1726180688655,13.737
1726180688670,11.21475
1726180688686,9.627823
1726180688702,8.875992
1726180688717,8.888763
1726180688733,9.543701
1726180688858,9.547821
1726180688874,7.658127
1726180688952,-10.40231
1726180688983,-19.18765
1726180689030,-29.43286
1726180689045,-32.70262
1726180689170,-61.27411
1726180689202,-44.14967
1726180689217,-31.21497
1726180689280,21.24576
1726180689358,42.85918
1726180689374,40.541
1726180689389,36.91934
1726180689467,18.69978
1726180689499,17.25792
1726180689546,20.26271
1726180689561,21.53651
1726180689608,22.15675
1726180689624,20.62543
1726180689686,8.762802
1726180689702,5.710388
1726180689717,2.616852
1726180689733,-0.7854004
1726180689827,-25.72423
1726180689874,-34.23384
1726180689889,-37.96669
1726180689905,-42.64017
1726180689983,-56.68936
1726180689999,-50.13342
1726180690014,-39.71848
1726180690061,1.343796
1726180690077,13.82271
1726180690108,33.1918
1726180690124,39.85919
1726180690233,30.91161
1726180690249,27.10437
1726180690296,19.97238
1726180690311,18.81927
1726180690374,20.00797
1726180690389,20.89807
1726180690405,21.286
1726180690421,20.86845
1726180690514,5.456192
1726180690577,-6.039764
1726180690592,-9.635559
1726180690639,-21.05365
1726180690655,-24.1039
1726180690749,-42.62363
1726180690764,-47.85483
1726180690858,-43.02699
1726180690874,-30.91137
1726180690889,-17.35161
1726180690905,-3.897606
1726180690921,8.250992
1726180690936,18.43639
1726180690999,38.3778
1726180691014,38.201
1726180691030,36.07109
1726180691046,32.42353
1726180691092,20.37131
1726180691108,18.28786
1726180691217,23.30013
1726180691249,25.87849
1726180691264,26.1935
1726180691280,25.43684
1726180691327,17.95274
1726180691342,15.00009
1726180691389,7.040375
1726180691421,0.4241333
1726180691436,-3.474533
1726180691452,-7.423691
1726180691546,-23.52749
1726180691577,-28.18222
1726180691608,-35.0703
1726180691624,-39.4994
1726180691733,-28.83475
1726180691780,5.245045
1726180691796,14.987
1726180691858,35.75801
1726180691874,35.90347
1726180691905,31.28179
1726180691921,27.62199
1726180691952,20.67537
1726180691967,18.2123
1726180692077,19.32532
1726180692108,20.46493
1726180692124,20.03604
1726180692139,18.77171
1726180692171,14.17912
1726180692186,11.34433
1726180692202,8.427561
1726180692264,-5.262912
1726180692296,-13.79553
1726180692311,-17.89881
1726180692327,-21.67456
1726180692343,-25.08207
1726180692389,-33.65823
1726180692405,-36.24714
1726180692421,-39.00076
1726180692436,-42.21964
1726180692452,-46.13104
1726180692468,-50.61831
1726180692483,-55.05554
1726180692577,-29.71979
1726180692608,-4.644678
1726180692624,6.672372
1726180692639,16.39784
1726180692718,34.39765
1726180692780,19.16217
1726180692796,16.56828
1726180692811,15.39835
1726180692827,15.45051
1726180692858,17.52511
1726180692874,18.82884
1726180692936,23.75939
1726180692952,24.56793
1726180692983,23.88424
1726180692999,21.93068
1726180693077,2.909687
1726180693155,-15.72241
1726180693171,-20.05055
1726180693280,-41.09573
1726180693327,-53.07411
1726180693343,-58.3689
1726180693436,-45.83495
1726180693452,-32.6153
1726180693468,-18.43625
1726180693499,7.5616
1726180693514,17.81241
1726180693577,37.73811
1726180693624,33.43192
1726180693671,24.76048
1726180693686,23.52669
1726180693764,27.24079
1726180693796,29.07162
1726180693827,29.85719
1726180693843,29.63233
1726180693858,28.94711
1726180693905,24.35502
1726180693936,19.19526
1726180693952,15.95916
1726180693968,12.42015
1726180693983,8.736773
1726180694014,1.393787
1726180694030,-2.277197
1726180694077,-13.85167
1726180694186,-35.76305
1726180694202,-40.01235
1726180694233,-50.6788
1726180694249,-56.50719
1726180694358,-35.14398
1726180694374,-20.79867
1726180694530,36.44393
1726180694546,32.25414
1726180694655,23.74475
1726180694686,26.38013
1726180694702,27.56349
1726180694718,28.61834
1726180694749,29.73544
1726180694765,29.41649
1726180694858,16.48244
1726180694874,13.53154
1726180694890,10.43117
1726180694921,4.218974
1726180694936,1.414788
1726180694952,-1.056765
1726180694968,-3.273681
1726180695030,-13.17752
1726180695046,-16.2001
1726180695061,-19.17865
1726180695140,-30.81608
1726180695155,-33.77959
1726180695171,-37.76819
1726180695218,-54.73493
1726180695233,-59.26335
1726180695311,-31.13701
1726180695327,-17.67055
1726180695499,28.56749
1726180695530,20.87741
1726180695561,17.61838
1726180695577,17.75037
1726180695640,24.67388
1726180695655,26.45721
1726180695733,25.07006
1726180695749,23.30457
1726180695827,13.93336
1726180695843,11.22312
1726180695905,-1.881282
1726180695921,-4.775935
1726180695952,-10.25583
1726180695968,-13.16205
1726180695983,-16.21204
1726180696077,-30.72455
1726180696093,-32.8728
1726180696171,-52.42848
1726180696202,-55.73971
1726180696249,-34.81792
1726180696265,-22.03303
1726180696311,16.60359
1726180696374,39.61365
1726180696421,33.33689
1726180696436,28.74673
1726180696593,21.66242
1726180696608,23.88913
1726180696702,22.03473
1726180696733,17.49888
1726180696765,12.13227
1726180696780,9.071924
1726180696874,-9.37228
1726180696890,-12.25776
1726180696921,-18.37175
1726180696936,-21.61966
1726180696952,-24.92086
1726180697046,-44.35429
1726180697077,-54.28313
1726180697093,-60.16638
1726180697108,-65.77705
1726180697124,-69.93048
1726180697202,-36.86998
1726180697327,44.76808
1726180697405,28.91068
1726180697421,25.4593
1726180697452,22.00978
1726180697468,21.89489
1726180697577,31.28597
1726180697608,31.61884
1726180697624,30.56262
1726180697640,28.75387
1726180697718,14.02908
1726180697733,10.59189
1726180697749,7.164467
1726180697796,-1.560709
1726180697812,-3.858875
1726180697874,-13.96819
1726180697952,-29.32779
1726180697968,-32.50748
1726180697983,-35.99093
1726180698093,-69.70709
1726180698140,-51.45205
1726180698155,-38.05621
1726180698187,-8.267341
1726180698202,5.444642
1726180698280,41.90872
1726180698312,40.50879
1726180698327,37.66082
1726180698343,34.29681
1726180698421,23.56016
1726180698483,28.66351
1726180698499,31.35005
1726180698593,31.19329
1726180698640,22.5109
1726180698655,19.89974
1726180698671,17.33423
1726180698765,-1.018724
1726180698812,-7.651385
1726180698827,-9.659159
1726180698843,-11.85589
1726180698952,-30.73955
1726180698999,-40.6486
1726180699015,-45.75551
1726180699077,-63.38884
1726180699093,-61.88251
1726180699140,-36.03782
1726180699155,-22.65168
1726180699171,-8.78186
1726180699187,4.45737
1726180699233,32.92686
1726180699265,39.82335
1726180699343,27.56604
1726180699358,24.2476
1726180699390,20.56701
1726180699405,20.33004
1726180699421,20.92427
1726180699437,22.14878
1726180699452,23.82474
1726180699499,29.7684
1726180699515,31.15489
1726180699530,31.74177
1726180699640,19.86807
1726180699687,11.88284
1726180699702,8.572819
1726180699827,-9.813107
1726180699843,-12.27454
1726180699858,-14.83157
1726180699874,-17.38
1726180699968,-33.04193
1726180699999,-41.31304
1726180700030,-50.771
1726180700046,-53.92713
1726180700140,-10.5037
1726180700155,1.712749
1726180700280,33.08234
1726180700359,14.75011
1726180700374,13.31167
1726180700390,12.9964
1726180700452,19.85557
1726180700499,24.05364
1726180700530,22.74165
1726180700546,20.90408
1726180700562,18.48647
1726180700624,7.393578
1726180700718,-8.477913
1726180700734,-11.05357
1726180700812,-24.32901
1726180700843,-28.39367
1726180700859,-30.09625
1726180700874,-32.00293
1726180700890,-34.50171
1726180700905,-37.92106
1726180700999,-63.69708
1726180701062,-33.10218
1726180701077,-19.47814
1726180701171,36.12167
1726180701187,38.21329
1726180701234,34.6054
1726180701249,31.3812
1726180701343,20.8452
1726180701359,22.0903
1726180701374,23.91983
1726180701405,28.03783
1726180701421,29.60629
1726180701484,26.67206
1726180701515,20.94188
1726180701577,8.39595
1726180701593,4.998535
1726180701624,-1.735558
1726180701718,-18.91281
1726180701749,-24.74819
1726180701765,-27.31641
1726180701796,-31.45969
1726180701859,-40.59675
1726180701921,-59.69537
1726180701937,-62.52682
1726180701999,-39.28421
1726180702062,10.20101
1726180702077,19.8061
1726180702093,27.6126
1726180702155,37.41018
1726180702171,34.94507
1726180702265,21.02956
1726180702280,21.39925
1726180702327,26.31952
1726180702343,28.73615
1726180702359,31.03342
1726180702374,32.78841
1726180702390,33.65469
1726180702405,33.46512
1726180702421,32.25642
1726180702437,30.20903
1726180702452,27.57841
1726180702562,4.786278
1726180702577,1.950432
1726180702609,-2.922134
1726180702624,-5.114365
1726180702734,-24.52357
1726180702749,-26.7935
1726180702765,-28.935
1726180702780,-31.25769
1726180702796,-34.09087
1726180702859,-52.4244
1726180702906,-58.91632
1726180702952,-36.88638
1726180702968,-24.5627
1726180702999,0.6527634
1726180703015,11.73269
1726180703031,21.12294
1726180703124,33.32377
1726180703140,29.2554
1726180703187,17.86237
1726180703218,14.97301
1726180703296,23.84615
1726180703312,26.45113
1726180703327,28.35597
1726180703343,29.22669
1726180703359,28.94655
1726180703374,27.63244
1726180703390,25.55039
1726180703468,12.48768
1726180703484,9.90667
1726180703531,2.44709
1726180703609,-7.582451
1726180703640,-12.05379
1726180703656,-14.24016
1726180703687,-18.34694
1726180703702,-20.50424
1726180703718,-23.0133
1726180703781,-38.51856
1726180703812,-47.50233
1726180703827,-50.36337
1726180703874,-42.47719
1726180703890,-33.49991
1726180703906,-22.33143
1726180703921,-10.20103
1726180704031,36.65346
1726180704062,31.53376
1726180704077,26.98557
1726180704093,22.1855
1726180704109,17.94308
1726180704124,14.85918
1726180704140,13.14352
1726180704156,12.67023
1726180704171,13.10453
1726180704265,19.6917
1726180704327,17.57534
1726180704343,15.67356
1726180704499,-10.17212
1726180704515,-12.56475
1726180704577,-22.95279
1726180704593,-25.63998
1726180704609,-28.39017
1726180704671,-42.11669
1726180704687,-46.87098
1726180704843,-2.059746
1726180704859,10.06839
1726180704921,38.5941
1726180704952,39.70575
1726180704968,37.59579
1726180704984,34.3568
1726180705015,26.94454
1726180705031,23.85235
1726180705124,22.51022
1726180705171,26.98021
1726180705187,27.95136
1726180705202,28.31022
1726180705296,18.39944
1726180705327,11.79884
1726180705343,8.356026
1726180705359,4.998306
1726180705374,1.741753
1726180705437,-10.80862
1726180705452,-13.70519
1726180705515,-23.24958
1726180705531,-25.22144
1726180705546,-27.18345
1726180705609,-40.86776
1726180705656,-57.93519
1726180705703,-57.65548
1726180705718,-50.50089
1726180705796,9.496166
1726180705812,19.87183
1726180705828,28.29853
1726180705874,40.14045
1726180705890,39.86983
1726180705921,35.16927
1726180705937,31.75208
1726180705953,28.29497
1726180706046,22.96108
1726180706062,24.5606
1726180706093,28.15812
1726180706124,30.72585
1726180706140,30.96105
1726180706156,30.25012
1726180706218,20.88472
1726180706234,18.07468
1726180706296,6.046066
1726180706328,0.2193909
1726180706343,-2.324211
1726180706359,-4.696648
1726180706374,-7.01926
1726180706390,-9.368382
1726180706406,-11.77007
1726180706437,-16.6451
1726180706531,-30.60241
1726180706546,-33.05898
1726180706562,-35.99741
1726180706578,-39.6894
1726180706609,-49.07644
1726180706640,-56.17339
1726180706656,-55.94671
1726180706718,-21.32187
1726180706734,-8.413956
1726180706749,3.844456
1726180706796,30.70082
1726180706828,37.67982
1726180706906,24.22384
1726180706921,20.86808
1726180706999,18.48698
1726180707078,26.97858
1726180707093,27.65546
1726180707156,22.60048
1726180707187,17.36344
1726180707249,7.146561
1726180707265,4.74395
1726180707374,-9.656792
1726180707406,-13.22242
1726180707421,-15.4614
1726180707437,-18.0024
1726180707468,-23.46115
1726180707484,-26.27846
1726180707499,-29.27641
1726180707515,-32.65862
1726180707546,-40.85828
1726180707562,-45.23908
1726180707593,-51.30747
1726180707609,-51.30987
1726180707640,-42.53773
1726180707656,-33.92517
1726180707671,-23.31474
1726180707687,-11.66621
1726180707703,0.02513885
1726180707765,32.89833
1726180707781,35.851
1726180707812,35.41927
1726180707828,32.67104
1726180707921,16.43269
1726180707937,17.21424
1726180707953,18.71149
1726180707999,23.78098
1726180708015,24.69481
1726180708078,22.13435
1726180708093,20.36157
1726180708109,18.31694
1726180708124,16.02943
1726180708203,3.190514
1726180708218,0.7040939
1726180708234,-1.841728
1726180708265,-7.116745
1726180708281,-9.661079
1726180708296,-12.0434
1726180708328,-16.58339
1726180708343,-18.99957
1726180708359,-21.57085
1726180708453,-34.75433
1726180708468,-37.87881
1726180708515,-51.64531
1726180708562,-54.78164
1726180708593,-40.29073
1726180708625,-16.07015
1726180708640,-3.183907
1726180708796,28.61203
1726180708812,24.98964
1726180708921,21.60365
1726180708968,27.90264
1726180708984,29.10611
1726180709046,25.427
1726180709062,23.06384
1726180709078,20.47305
1726180709140,8.649155
1726180709156,5.493584
1726180709250,-9.45713
1726180709265,-11.74988
1726180709296,-16.99427
1726180709312,-19.75854
1726180709328,-22.38493
1726180709375,-28.66126
1726180709390,-30.60655
1726180709453,-44.35738
1726180709468,-49.19575
1726180709484,-53.40016
1726180709500,-55.85063
1726180709625,13.74443
1726180709640,22.42526
1726180709656,28.92844
1726180709671,33.26009
1726180709796,22.0078
1726180709812,20.69006
1726180709828,20.20107
1726180709843,20.44133
1726180709937,28.0233
1726180709968,27.36241
1726180710000,23.87912
1726180710015,21.66119
1726180710109,8.907761
1726180710140,4.737244
1726180710171,0.2635193
1726180710187,-2.105927
1726180710312,-22.80278
1726180710343,-27.58853
1726180710359,-30.01553
1726180710390,-35.55667
1726180710406,-38.858
1726180710421,-42.41637
1726180710468,-49.06882
1726180710515,-35.14392
1726180710531,-25.58839
1726180710562,-4.070969
1726180710578,6.012024
1726180710625,26.86574
1726180710640,29.82472
1726180710687,26.88438
1726180710703,23.26691
1726180710781,11.07626
1726180710796,11.61954
1726180710859,19.75867
1726180710875,22.00267
1726180711031,11.07608
1726180711047,7.060883
1726180711093,-4.547577
1726180711109,-7.721451
1726180711140,-13.38974
1726180711203,-22.21053
1726180711218,-23.50058
1726180711359,-45.07661
1726180711375,-48.22829
1726180711390,-49.70599
1726180711500,6.078629
1726180711515,15.73013
1726180711531,23.56854
1726180711547,29.42757
1726180711562,33.26151
1726180711672,19.02069
1726180711703,16.04706
1726180711718,16.08833
1726180711734,16.81264
1726180711828,24.7811
1726180711843,25.12042
1726180711875,23.3468
1726180711890,21.45584
1726180711906,19.26204
1726180711984,6.661896
1726180712031,-4.168121
1726180712062,-10.63837
1726180712078,-13.57979
1726180712156,-28.569
1726180712172,-30.95624
1726180712187,-32.97527
1726180712218,-36.69327
1726180712234,-39.05428
1726180712250,-42.13495
1726180712265,-46.01437
1726180712312,-57.0052
1726180712328,-57.20982
1726180712343,-54.23322
1726180712359,-47.92923
1726180712375,-38.76688
1726180712390,-27.65552
1726180712406,-15.66855
1726180712422,-3.792282
1726180712437,7.196457
1726180712453,16.76842
1726180712531,35.14305
1726180712547,33.4642
1726180712578,27.79494
1726180712593,24.71391
1726180712640,18.43486
1726180712703,19.62859
1726180712734,22.55861
1726180712750,23.90271
1726180712765,24.7722
1726180712812,22.79779
1726180712859,16.10304
1726180712922,4.989487
1726180712937,1.889633
1726180712984,-6.217575
1726180713000,-8.450256
1726180713015,-10.62976
1726180713031,-12.89757
1726180713062,-17.87183
1726180713093,-22.6955
1726180713109,-24.65173
1726180713125,-26.27409
1726180713140,-27.77962
1726180713156,-29.52783
1726180713265,-54.86398
1726180713281,-53.17358
1726180713359,-6.659851
1726180713375,3.743179
1726180713390,12.56657
1726180713437,28.51392
1726180713453,30.57845
1726180713531,23.95763
1726180713547,21.93973
1726180713562,20.70659
1726180713578,20.36952
1726180713593,20.82236
1726180713609,21.83153
1726180713625,23.13591
1726180713734,27.50896
1726180713781,21.56174
1726180713797,19.06908
1726180713844,12.04935
1726180713953,-6.604004
1726180713969,-8.863937
1726180714047,-20.6192
1726180714062,-22.69173
1726180714078,-24.59987
1726180714125,-31.02599
1726180714140,-34.12164
1726180714172,-42.46385
1726180714203,-51.33691
1726180714219,-53.84941
1726180714234,-53.69252
1726180714297,-21.89406
1726180714312,-9.751648
1726180714328,1.882553
1726180714344,12.22668
1726180714375,27.41025
1726180714390,31.95802
1726180714469,26.76981
1726180714484,22.2635
1726180714547,10.09735
1726180714578,11.04695
1726180714640,18.91234
1726180714656,20.59236
1726180714687,22.38654
1726180714703,22.30563
1726180714719,21.60931
1726180714781,15.52759
1726180714812,11.07146
1726180714828,8.434845
1726180714922,-4.742737
1726180714953,-9.439316
1726180714984,-14.35428
1726180715000,-16.62952
1726180715031,-21.4528
1726180715047,-24.48201
1726180715125,-45.82182
1726180715140,-49.00838
1726180715156,-50.323
1726180715172,-49.03409
1726180715234,-16.94942
1726180715250,-5.557449
1726180715265,5.292648
1726180715328,33.00456
1726180715344,34.88083
1726180715422,21.03873
1726180715453,15.26532
1726180715500,15.63916
1726180715515,17.54686
1726180715578,25.49916
1726180715609,26.11647
1726180715672,20.2254
1726180715687,18.00645
1726180715797,-3.070633
1726180715844,-10.41888
1726180715859,-13.16512
1726180715953,-30.02197
1726180715984,-34.87344
1726180716015,-42.35751
1726180716031,-47.61095
1726180716062,-58.46796
1726180716078,-61.61679
1726180716187,1.625504
1726180716203,12.75009
1726180716234,28.52269
1726180716250,32.93173
1726180716297,34.20604
1726180716312,32.08592
1726180716359,25.01767
1726180716375,23.40303
1726180716437,22.68349
1726180716484,26.36269
1726180716516,27.76544
1726180716531,27.5593
1726180716547,26.67545
1726180716641,13.71455
1726180716703,3.422226
1726180716719,0.563858
1726180716875,-23.76047
1726180716891,-26.38176
1726180716922,-32.98526
1726180716937,-37.04381
1726180716953,-41.6176
1726180717031,-58.20594
1726180717047,-54.30253
1726180717219,38.50916
1726180717234,36.8314
1726180717266,30.05377
1726180717281,26.19287
1726180717344,17.36605
1726180717375,18.85932
1726180717391,20.64524
1726180717406,22.73885
1726180717469,28.81496
1726180717484,28.84837
1726180717516,26.83289
1726180717531,25.0042
1726180717562,20.48537
1726180717578,17.9646
1726180717625,9.075157
1726180717734,-7.736404
1726180717750,-9.709274
1726180717891,-32.39054
1726180717906,-36.5645
1726180717922,-41.34686
1726180717984,-53.79366
1726180718047,-23.65003
1726180718062,-11.44999
1726180718078,0.2313919
1726180718094,10.54561
1726180718156,33.70051
1726180718219,28.4688
1726180718250,20.77959
1726180718266,18.04726
1726180718328,18.59895
1726180718344,20.248
1726180718422,24.41752
1726180718437,23.41797
1726180718531,10.82154
1726180718547,8.230446
1726180718594,-0.1820526
1726180718609,-3.084259
1726180718703,-22.18259
1726180718750,-28.51826
1726180718766,-29.80119
1726180718781,-31.16766
1726180718844,-43.72437
1726180718875,-52.47681
1726180718937,-43.91755
1726180718953,-33.48498
1726180719031,26.68134
1726180719047,33.65363
1726180719109,36.90156
1726180719125,33.16113
1726180719141,28.81673
1726180719188,18.41726
1726180719203,16.84264
1726180719281,19.25974
1726180719297,20.50936
1726180719422,11.31347
1726180719453,6.170143
1726180719469,3.793167
1726180719547,-8.747734
1726180719563,-11.19314
1726180719578,-13.56856
1726180719594,-15.86431
1726180719625,-20.07169
1726180719641,-21.86618
1726180719672,-24.99846
1726180719734,-33.57029
1726180719797,-50.63729
1726180719813,-53.82326
1726180719906,-13.06192
1726180719953,20.69763
1726180720141,21.77213
1726180720156,21.31803
1726180720172,21.67245
1726180720219,26.06058
1726180720250,28.75714
1726180720266,29.12504
1726180720281,28.69222
1726180720313,25.82322
1726180720328,23.78186
1726180720344,21.58779
1726180720422,9.829252
1726180720484,0.05517077
1726180720500,-2.146175
1726180720563,-12.53809
1726180720594,-19.41017
1726180720625,-25.94624
1726180720656,-31.14889
1726180720672,-33.69441
1726180720766,-58.82294
1726180720828,-38.04605
1726180720844,-25.7662
1726180721000,37.16147
1726180721016,34.41728
1726180721047,28.36334
1726180721125,22.74908
1726180721172,27.53341
1726180721188,29.3999
1726180721266,30.15305
1726180721281,27.58707
1726180721344,16.32007
1726180721359,13.63068
1726180721375,10.58812
1726180721391,7.139462
1726180721438,-2.804491
1726180721453,-4.995352
1726180721469,-6.621565
1726180721484,-8.000481
1726180721516,-11.34703
1726180721531,-13.63463
1726180721563,-19.0401
1726180721609,-26.76906
1726180721688,-42.89897
1726180721703,-47.98009
1726180721781,-45.66737
1726180721844,0.8243599
1726180721860,12.05737
1726180721875,21.76457
1726180721938,38.92495
1726180722000,26.5527
1726180722016,22.64384
1726180722031,19.37925
1726180722047,17.02032
1726180722078,15.48835
1726180722094,16.26183
1726180722125,19.94702
1726180722203,26.35158
1726180722219,25.3788
1726180722328,-0.09740639
1726180722360,-9.327124
1726180722375,-13.19096
1726180722391,-16.43209
1726180722438,-23.73498
1726180722469,-28.33595
1726180722547,-32.58702
1726180722563,-30.59369
1726180722641,-31.01165
1726180722656,-33.00681
1726180722719,-15.94979
1726180722735,-4.099728
1726180722766,22.91937
1726180722797,46.43067
1726180722813,54.86875
1726180722828,60.70372
1726180722891,59.66481
1726180722906,54.53518
1726180723000,17.46746
1726180723063,-0.8597221
1726180723078,-5.995972
1726180723156,-30.46376
1726180723172,-34.27256
1726180723235,-44.54525
1726180723250,-46.93094
1726180723406,-115.1232
1726180723422,-121.6407
1726180723485,-127.5319
1726180723516,-127.1736
1726180723578,-129.4024
1726180723594,-124.3116
1726180723641,-80.0386
1726180723735,51.93639
1726180723750,67.87492
1726180723766,83.04848
1726180723797,111.4101
1726180723813,123.2758
1726180723922,124.2383
1726180723938,114.4855
1726180724031,55.83112
1726180724094,12.03354
1726180724110,2.703583
1726180724203,-15.25388
1726180724219,-13.68292
1726180724235,-11.52832
1726180724250,-9.237091
1726180724266,-7.230194
1726180724281,-5.836243
1726180724328,-5.391571
1726180724360,-5.931244
1726180724375,-5.909943
1726180724438,-8.235046
1726180724453,-11.08084
1726180724563,-20.79147
1726180724610,7.332153
1726180724625,17.4942
1726180724688,45.29688
1726180724782,38.91937
1726180724797,35.27051
1726180724907,30.01178
1726180724922,31.66943
1726180724938,33.34119
1726180724953,34.73322
1726180724969,35.55237
1726180725032,31.30176
1726180725047,28.54193
1726180725125,13.47284
1726180725141,10.68689
1726180725219,-5.246765
1726180725282,-13.0376
1726180725297,-15.4245
1726180725313,-18.37561
1726180725328,-21.87512
1726180725344,-25.76788
1726180725360,-29.68054
1726180725375,-33.06641
1726180725391,-35.22699
1726180725469,-13.82117
1726180725485,-4.783997
1726180725516,12.89917
1726180725532,20.42584
1726180725594,33.72156
1726180725610,32.77148
1726180725625,30.72046
1726180725641,28.04828
1726180725657,25.16388
1726180725672,22.41284
1726180725735,16.71722
1726180725813,20.83533
1726180725828,21.51147
1726180725875,20.90277
1726180725907,18.54535
1726180725922,17.08948
1726180725953,14.00269
1726180725985,10.16205
1726180726000,7.65509
1726180726032,1.617493
1726180726063,-4.2323
1726180726078,-6.535645
1726180726125,-12.24359
1726180726141,-14.69476
1726180726157,-17.62653
1726180726172,-20.83472
1726180726203,-26.81976
1726180726219,-29.1485
1726180726235,-31.08533
1726180726313,-47.21844
1726180726328,-52.50726
1726180726344,-57.18683
1726180726422,-40.80835
1726180726453,-18.13257
1726180726500,12.32397
1726180726516,19.58899
1726180726563,30.71033
1726180726578,31.14368
1726180726641,24.2384
1726180726672,20.60376
1726180726688,19.95911
1726180726797,33.10425
1726180726828,35.46161
1726180726844,35.10144
1726180726860,33.59161
1726180726938,16.59515
1726180726953,13.21259
1726180726969,10.21246
1726180727016,3.255493
1726180727032,1.375244
1726180727141,-9.230103
1726180727157,-11.1687
1726180727172,-13.2937
1726180727188,-15.49567
1726180727204,-17.65295
1726180727250,-23.69702
1726180727329,-37.81995
1726180727344,-42.03577
1726180727360,-46.49921
1726180727375,-50.70978
1726180727454,-39.21509
1726180727469,-27.89148
1726180727485,-15.10107
1726180727532,19.71869
1726180727547,27.6618
1726180727657,34.67346
1726180727704,27.22314
1726180727719,25.72961
1726180727766,25.31702
1726180727782,26.32495
1726180727797,27.74927
1726180727813,29.44232
1726180727829,31.17401
1726180727875,33.74518
1726180727891,32.87683
1726180727922,28.47296
1726180727938,25.46967
1726180727954,22.39844
1726180728032,10.78259
1726180728047,8.556213
1726180728063,6.086243
1726180728094,0.8756104
1726180728110,-1.476563
1726180728172,-8.170288
1726180728219,-14.21707
1726180728235,-16.79736
1726180728266,-22.35736
1726180728282,-25.09286
1726180728297,-27.70926
1726180728313,-30.2428
1726180728329,-32.89767
1726180728344,-35.96808
1726180728391,-49.43585
1726180728407,-54.40244
1726180728500,-34.04361
1726180728563,10.86127
1726180728579,18.60034
1726180728625,31.23248
1726180728641,32.15131
1726180728657,31.63495
1726180728719,22.66162
1726180728735,20.88397
1726180728750,19.728
1726180728844,23.76968
1726180728860,25.88171
1726180728875,27.74103
1726180728907,29.06973
1726180728922,28.17783
1726180729032,13.38181
1726180729063,10.09796
1726180729079,7.958679
1726180729094,5.5
1726180729157,-4.009155
1726180729188,-7.934387
1726180729250,-17.10211
1726180729266,-19.46268
1726180729329,-28.98547
1726180729344,-32.23868
1726180729375,-41.09164
1726180729422,-54.76859
1726180729438,-56.01532
1726180729594,28.45123
1726180729610,32.25195
1726180729672,31.13034
1726180729704,25.68573
1726180729766,17.48334
1726180729782,16.78101
1726180729891,26.40958
1726180729938,24.22043
1726180729954,22.45074
1726180730047,7.54303
1726180730110,-2.057556
1726180730126,-4.351898
1726180730157,-8.504333
1726180730172,-10.41672
1726180730188,-12.37122
1726180730266,-26.34241
1726180730282,-29.58615
1726180730297,-32.59906
1726180730329,-37.6282
1726180730344,-39.91122
1726180730454,-64.53305
1726180730469,-63.1922
1726180730594,18.62552
1726180730626,31.43973
1726180730641,35.28693
1726180730735,29.80093
1726180730782,21.6174
1726180730797,20.1254
1726180730813,19.45633
1726180730876,22.54504
1726180730907,25.4332
1726180730969,28.04834
1726180730985,26.81567
1726180731110,8.399704
1726180731141,2.166397
1726180731157,-1.030426
1726180731251,-14.38925
1726180731282,-19.04472
1726180731297,-21.47922
1726180731313,-23.82661
1726180731329,-26.04843
1726180731344,-28.20735
1726180731469,-54.40292
1726180731485,-58.50891
1726180731501,-60.96361
1726180731532,-56.66542
1726180731547,-48.95816
1726180731719,36.95517
1726180731735,36.27888
1726180731751,34.63818
1726180731782,29.65405
1726180731829,23.23117
1726180731844,22.37396
1726180731922,24.99185
1726180731938,25.95168
1726180731954,26.65163
1726180731969,26.86176
1726180731985,26.43214
1726180732001,25.35951
1726180732016,23.78584
1726180732079,15.7923
1726180732110,11.52592
1726180732172,2.487076
1726180732188,0.1167297
1726180732282,-12.17665
1726180732344,-23.45239
1726180732360,-25.98511
1726180732422,-33.34474
1726180732516,-49.36232
1726180732532,-51.73206
1726180732610,-25.36386
1726180732641,-2.77948
1726180732766,32.80687
1726180732860,17.15747
1726180732876,15.22803
1726180732985,22.08686
1726180733032,22.26859
1726180733048,20.86631
1726180733173,2.689148
1726180733188,-0.2527466
1726180733204,-3.255989
1726180733219,-6.163414
1726180733313,-18.65321
1726180733329,-21.20057
1726180733344,-23.97772
1726180733376,-29.15505
1726180733391,-31.14161
1726180733548,-62.25496
1726180733719,34.70786
1726180733735,37.0125
1726180733798,33.90903
1726180733813,31.32137
1726180733829,28.48328
1726180733844,25.65279
1726180733891,19.75566
1726180733907,19.40813
1726180734001,27.19157
1726180734048,25.09721
1726180734063,23.28535
1726180734079,21.17715
1726180734126,14.07587
1726180734235,-4.765999
1726180734251,-7.377403
1726180734391,-29.98087
1726180734407,-32.43717
1726180734423,-34.86238
1726180734469,-44.33511
1726180734485,-48.92445
1726180734563,-65.48216
1726180734579,-60.72308
1726180734594,-52.0606
1726180734626,-26.59363
1726180734657,0.8535004
1726180734688,22.76716
1726180734735,41.49577
1726180734751,43.89098
1726180734766,44.50025
1726180734844,33.10874
1726180734860,30.17648
1726180734876,27.44146
1726180734891,25.07218
1726180734907,23.29423
1726180734923,22.34929
1726180734938,22.36376
1726180734985,26.22054
1726180735001,27.3631
1726180735016,27.74528
1726180735032,27.21081
1726180735048,25.7997
1726180735063,23.73767
1726180735079,21.3462
1726180735094,18.98397
1726180735110,16.91833
1726180735204,4.573189
1726180735219,1.075478
1726180735266,-7.935097
1726180735282,-10.2819
1726180735298,-12.62987
1726180735345,-20.746
1726180735360,-23.61739
1726180735376,-26.41759
1726180735391,-29.15728
1726180735423,-34.63657
1726180735438,-37.49255
1726180735454,-40.53407
1726180735501,-52.14475
1726180735516,-56.73791
1726180735595,-51.53539
1726180735610,-40.53912
1726180735626,-27.40292
1726180735782,42.17304
1726180735798,39.45652
1726180735829,32.58495
1726180735938,17.99442
1726180735954,19.04527
1726180735970,20.79061
1726180736016,25.87389
1726180736032,26.32634
1726180736126,14.89597
1726180736141,11.6618
1726180736173,5.244179
1726180736188,2.232346
1726180736204,-0.6327438
1726180736298,-15.22285
1726180736313,-17.5936
1726180736329,-20.0898
1726180736360,-24.98217
1726180736470,-40.82287
1726180736485,-45.46088
1726180736532,-52.74371
1726180736548,-49.1088
1726180736579,-31.15581
1726180736595,-18.76115
1726180736641,16.96289
1726180736673,32.72482
1726180736688,37.58736
1726180736751,37.40839
1726180736813,22.62937
1726180736829,19.88116
1726180736876,16.42493
1726180736891,16.91652
1726180736938,21.15106
1726180736954,22.39141
1726180736985,23.12471
1726180737001,22.53115
1726180737032,19.57517
1726180737048,17.21402
1726180737063,14.29118
1726180737126,0.08914185
1726180737141,-2.832878
1726180737157,-5.244247
1726180737173,-7.33007
1726180737251,-22.09857
1726180737282,-29.17548
1726180737329,-37.43559
1726180737345,-40.32228
1726180737391,-52.77765
1726180737423,-63.98653
1726180737438,-68.78009
1726180737454,-71.40614
1726180737470,-70.59962
1726180737501,-56.03683
1726180737516,-42.94421
1726180737563,3.856262
1726180737641,49.15147
1726180737673,52.22736
1726180737688,51.27985
1726180737720,45.63615
1726180737735,41.60249
1726180737751,37.29535
1726180737845,21.91525
1726180737860,21.94405
1726180737970,21.88356
1726180738001,17.49347
1726180738017,14.99324
1726180738032,12.3532
1726180738063,6.687378
1726180738095,0.6634827
1726180738110,-2.434921
1726180738126,-5.592865
1726180738142,-8.858353
1726180738157,-12.27005
1726180738188,-19.58926
1726180738204,-23.37711
1726180738235,-30.56757
1726180738251,-33.74632
1726180738267,-36.63475
1726180738313,-45.60367
1726180738329,-49.65118
1726180738360,-59.24596
1726180738376,-63.35524
1726180738423,-58.77226
1726180738438,-49.14621
1726180738454,-35.98354
1726180738626,52.22458
1726180738657,45.69553
1726180738673,41.65953
1726180738688,37.57854
1726180738704,33.80864
1726180738720,30.68184
1726180738751,27.16737
1726180738782,27.18803
1726180738876,32.91768
1726180738892,32.57643
1726180738938,27.4597
1726180738985,20.66531
1726180739001,18.56509
1726180739048,10.75723
1726180739063,7.503281
1726180739095,0.4436798
1726180739110,-3.277328
1726180739126,-7.108414
1726180739142,-11.00648
1726180739220,-29.35158
1726180739235,-33.57791
1726180739282,-50.66469
1726180739298,-56.54041
1726180739360,-54.99803
1726180739392,-33.81093
1726180739407,-20.57265
1726180739563,29.6412
1726180739579,25.85059
1726180739626,13.52974
1726180739704,7.334061
1726180739735,10.79257
1726180739751,12.8972
1726180739813,14.26585
1726180739876,3.409348
1726180739907,-2.596985
1726180739923,-5.893326
1726180739970,-16.56874
1726180740001,-22.18814
1726180740079,-35.95301
1726180740095,-40.63737
1726180740188,-51.42143
1726180740251,-3.667336
1726180740267,9.858292
1726180740313,39.39788
1726180740423,34.19138
1726180740438,29.35587
1726180740485,18.76263
1726180740501,16.95098
1726180740595,17.93983
1726180740610,17.86861
1726180740626,16.91108
1726180740767,-5.505539
1726180740782,-10.00848
1726180740829,-25.18809
1726180740845,-29.3834
1726180740860,-32.87562
1726180740876,-35.87688
1726180740939,-49.41492
1726180740954,-53.91379
1726180741001,-62.12125
1726180741032,-52.92177
1726180741048,-42.51703
1726180741110,14.4827
1726180741126,26.34481
1726180741142,35.79399
1726180741157,42.6988
1726180741282,31.36768
1726180741298,27.37305
1726180741329,21.52285
1726180741345,19.96121
1726180741423,22.27557
1726180741439,22.95449
1726180741454,23.10311
1726180741470,22.59561
1726180741501,19.49731
1726180741517,17.00717
1726180741532,14.09912
1726180741548,11.06457
1726180741564,8.197235
1726180741610,1.253052
1726180741626,-1.35704
1726180741642,-4.656342
1726180741704,-21.24811
1726180741798,-38.40971
1726180741814,-43.20209
1726180741970,-1.900284
1726180741985,11.98668
1726180742064,49.94756
1726180742142,36.61449
1726180742157,31.15874
1726180742189,21.75467
1726180742204,18.4666
1726180742220,16.36054
1726180742314,21.96014
1726180742329,23.01928
1726180742345,23.3074
1726180742485,1.325882
1726180742501,-1.34359
1726180742595,-20.5934
1726180742626,-26.38311
1726180742642,-28.26583
1726180742657,-29.6578
1726180742673,-30.99146
1726180742689,-32.76115
1726180742751,-47.87532
1726180742814,-50.40027
1726180742829,-43.20695
1726180742845,-32.90716
1726180742892,5.103539
1726180742970,38.32546
1726180743001,36.41409
1726180743017,32.92436
1726180743079,16.72672
1726180743173,14.12483
1726180743189,15.29988
1726180743314,12.57648
1726180743329,9.863152
1726180743345,7.192924
1726180743361,4.672991
1726180743407,-2.899874
1726180743423,-6.005957
1726180743439,-9.507971
1726180743517,-25.15373
1726180743532,-27.34199
1726180743595,-40.55059
1726180743611,-44.92616
1726180743626,-48.71199
1726180743642,-50.93385
1726180743657,-50.61438
1726180743689,-39.90998
1726180743861,44.57011
1726180743876,40.96438
1726180743970,19.56267
1726180744017,19.6466
1726180744032,19.86246
1726180744048,20.45719
1726180744142,33.86301
1726180744204,24.54916
1726180744220,24.20276
1726180744251,28.38457
1726180744282,30.4605
1726180744298,27.58174
1726180744376,5.088844
1726180744392,8.527756
1726180744470,-10.13748
1726180744501,-53.98666
1726180744548,-61.15056
1726180744564,-34.34494
1726180744657,146.9037
1726180744673,148.1416
1726180744689,146.0162
1726180744704,143.7291
1726180744720,141.9772
1726180744736,138.9607
1726180744767,117.8247
1726180744782,96.70853
1726180744798,69.72322
1726180744814,39.40253
1726180744829,8.392883
1726180744845,-21.28812
1726180744892,-91.54819
1726180744907,-106.4204
1726180744970,-121.8462
1726180745017,-112.7435
1726180745064,-89.45517
1726180745079,-74.07053
1726180745173,15.98508
1726180745204,15.56479
1726180745236,8.698334
1726180745251,4.743652
1726180745267,0.4724426
1726180745282,-4.39093
1726180745298,-10.13553
1726180745314,-16.89911
1726180745329,-24.6358
1726180745345,-33.04025
1726180745361,-41.54639
1726180745376,-49.36627
1726180745392,-55.50284
1726180745407,-58.96762
1726180745423,-58.9808
1726180745470,-37.48929
1726180745486,-25.45697
1726180745517,-1.379822
1726180745579,22.4119
1726180745595,22.24908
1726180745642,10.99637
1726180745657,5.010315
1726180745673,-0.9091797
1726180745689,-5.899323
1726180745704,-9.276733
1726180745751,-9.425232
1726180745767,-7.652588
1726180745814,-1.730469
1726180745907,4.165894
1726180745923,3.048218
1726180745939,1.504761
1726180746001,-5.262817
1726180746032,-10.2168
1726180746064,-18.05829
1726180746079,-22.35211
1726180746095,-26.17786
1726180746111,-29.20746
1726180746142,-33.29242
1726180746189,-40.92865
1726180746204,-44.81787
1726180746251,-55.64001
1726180746267,-56.43225
1726180746283,-54.48828
1726180746314,-41.34143
1726180746329,-30.94855
1726180746345,-19.33411
1726180746408,18.9892
1726180746423,23.80731
1726180746439,26.44751
1726180746454,26.98712
1726180746533,11.13776
1726180746564,6.352051
1726180746611,6.476196
1726180746626,7.707947
1726180746689,12.41028
1726180746704,12.4776
1726180746720,11.88519
1726180746736,10.73608
1726180746767,7.39624
1726180746783,5.456055
1726180746798,3.361267
1726180746814,1.014954
1726180746829,-1.660095
1726180746892,-14.75189
1726180746954,-25.74243
1726180746970,-28.15906
1726180747079,-55.76648
1726180747111,-51.23242
1726180747126,-43.43811
1726180747142,-32.75598
1726180747204,13.65411
1726180747220,21.72626
1726180747236,27.84412
1726180747298,32.37671
1726180747314,29.26163
1726180747470,23.83646
1726180747486,25.41028
1726180747564,24.798
1726180747579,21.92191
1726180747626,10.58392
1726180747642,6.878113
1726180747658,3.44223
1726180747673,0.1640625
1726180747689,-3.134247
1726180747814,-32.06018
1726180747829,-34.22873
1726180747861,-39.58978
1726180747876,-43.49655
1726180747939,-63.35498
1726180747954,-65.17615
1726180747970,-63.65012
1726180747986,-58.27191
1726180748001,-49.15601
1726180748158,39.77307
1726180748173,38.87833
1726180748204,34.37598
1726180748220,31.78033
1726180748236,29.72504
1726180748329,35.06381
1726180748345,37.22232
1726180748392,42.9512
1726180748454,40.1424
1726180748501,34.53528
1726180748517,32.60995
1726180748611,15.37979
1726180748673,3.868042
1726180748689,0.6245728
1726180748736,-7.218597
1726180748751,-9.491974
1726180748845,-40.76074
1726180748861,-48.51886
1726180748892,-58.45212
1726180748908,-58.09879
1726180749017,8.599274
1726180749033,14.02454
1726180749064,18.48456
1726180749080,18.30759
1726180749095,17.01514
1726180749189,4.94339
1726180749205,5.161377
1726180749361,25.39035
1726180749376,24.73718
1726180749486,10.80728
1726180749501,8.505768
1726180749517,6.278412
1726180749533,4.206238
1726180749548,2.369843
1726180749611,-4.464844
1726180749658,-13.28802
1726180749673,-16.78259
1726180749689,-20.14716
1726180749705,-23.18747
1726180749720,-25.85757
1726180749751,-30.75049
1726180749767,-33.58386
1726180749876,-61.22461
1726180749892,-57.58578
1726180749970,1.078552
1726180750048,34.96658
1726180750064,35.86914
1726180750142,23.63513
1726180750158,21.36786
1726180750220,20.7478
1726180750236,22.31461
1726180750267,26.55243
1726180750330,30.10144
1726180750345,28.6861
1726180750361,26.61438
1726180750392,21.50378
1726180750408,18.71552
1726180750470,6.483093
1726180750486,3.605499
1726180750501,0.9815979
1726180750517,-1.407898
1726180750533,-3.613953
1726180750548,-5.747162
1726180750564,-7.910614
1726180750580,-10.21912
1726180750642,-21.18268
1726180750673,-26.69696
1726180750736,-41.02643
1726180750751,-46.25607
1726180750783,-56.44849
1726180750814,-60.01093
1726180750908,-3.03833
1726180750923,8.410797
1726180750955,25.39426
1726180750970,30.71692
1726180750986,34.04718
1726180751080,23.91251
1726180751095,21.51648
1726180751158,21.44144
1726180751173,22.92157
1726180751251,28.90793
1726180751267,27.70023
1726180751314,19.78427
1726180751330,16.96881
1726180751345,14.31491
1726180751408,2.375122
1726180751423,-0.7540588
1726180751439,-3.508026
1726180751486,-9.734955
1726180751502,-11.89728
1726180751517,-14.42282
1726180751533,-17.25375
1726180751580,-25.66638
1726180751595,-28.00443
1726180751611,-30.11801
1726180751658,-36.76382
1726180751673,-39.99185
1726180751689,-44.14923
1726180751736,-59.19598
1726180751752,-61.99213
1726180751767,-61.6857
1726180751783,-57.5564
1726180751877,10.23688
1726180751908,26.94797
1726180751939,36.39667
1726180751955,38.11569
1726180751986,35.66928
1726180752002,32.23013
1726180752064,19.41635
1726180752080,18.92828
1726180752111,21.04999
1726180752127,22.90152
1726180752142,24.8681
1726180752283,23.1922
1726180752298,20.7092
1726180752330,15.35602
1726180752423,-5.093933
1726180752455,-9.055817
1726180752470,-10.56308
1726180752548,-20.70282
1726180752611,-31.26917
1726180752627,-33.88046
1726180752642,-36.99976
1726180752720,-59.35043
1726180752736,-59.77115
1726180752752,-56.51428
1726180752767,-49.44385
1726180752798,-26.74521
1726180752814,-13.63873
1726180752877,26.30502
1726180752939,35.93924
1726180752970,31.78052
1726180752986,28.69006
1726180753064,21.65152
1726180753095,24.11923
1726180753111,25.66614
1726180753127,27.17017
1726180753142,28.47015
1726180753158,29.39709
1726180753267,18.9386
1726180753314,12.83636
1726180753330,10.7598
1726180753345,8.303772
1726180753361,5.463501
1726180753470,-9.583771
1726180753486,-11.74036
1726180753502,-14.28528
1726180753548,-22.01093
1726180753564,-24.14474
1726180753580,-26.1658
1726180753642,-38.27924
1726180753658,-43.32797
1726180753673,-48.82391
1726180753720,-58.08646
1726180753736,-55.01929
1726180753752,-48.01364
1726180753767,-37.62292
1726180754002,19.18762
1726180754017,18.29227
1726180754048,18.86929
1726180754095,23.41269
1726180754111,25.34332
1726180754127,27.0697
1726180754174,27.74921
1726180754189,25.99686
1726180754345,-1.097168
1726180754361,-3.630829
1726180754392,-7.796661
1726180754424,-11.34351
1726180754439,-13.5069
1726180754502,-25.802
1726180754517,-28.71899
1726180754533,-31.32516
1726180754611,-49.42169
1726180754658,-62.7287
1726180754689,-58.17892
1726180754705,-49.93674
1726180754752,-11.71793
1726180754767,0.907135
1726180754830,31.96933
1726180754861,35.21817
1726180754877,34.17722
1726180754908,28.61948
1726180754955,19.87576
1726180754986,18.22885
1726180755017,19.93118
1726180755033,21.52921
1726180755049,23.3573
1726180755080,26.91971
1726180755111,29.0206
1726180755158,27.03098
1726180755205,21.12625
1726180755220,19.09094
1726180755299,6.075684
1726180755330,-0.5014648
1726180755377,-8.741333
1726180755392,-11.38376
1726180755486,-28.69803
1726180755502,-31.12421
1726180755517,-33.6254
1726180755549,-39.61169
1726180755564,-43.4325
1726180755642,-61.65128
1726180755674,-52.83353
1726180755689,-42.89822
1726180755705,-30.44055
1726180755720,-16.91132
1726180755736,-3.738983
1726180755799,30.99341
1726180755830,35.96545
1726180755892,27.91214
1726180755908,24.95508
1726180756017,24.87128
1726180756049,28.8226
1726180756064,30.60117
1726180756080,31.93359
1726180756142,29.48535
1726180756158,26.8967
1726180756236,13.47125
1726180756252,11.01675
1726180756408,-14.3392
1726180756424,-17.36002
1726180756486,-27.73224
1726180756564,-43.48676
1726180756580,-48.83945
1726180756595,-54.41776
1726180756642,-62.38345
1726180756674,-50.78378
1726180756689,-39.6304
1726180756736,1.631805
1726180756752,13.7569
1726180756767,23.67566
1726180756799,35.96716
1726180756877,31.3494
1726180756892,27.69424
1726180756908,24.42276
1726180756924,21.96094
1726180756939,20.52496
1726180757002,22.64325
1726180757096,30.8866
1726180757111,29.87222
1726180757221,12.22644
1726180757267,6.094086
1726180757283,3.918732
1726180757330,-1.883148
1726180757346,-3.318481
1726180757424,-13.64221
1726180757439,-17.27496
1726180757455,-21.0351
1726180757533,-34.00403
1726180757549,-36.7869
1726180757564,-40.56067
1726180757580,-45.27246
1726180757611,-54.52554
1726180757627,-56.72519
1726180757689,-32.2435
1726180757736,4.033997
1726180757752,13.86171
1726180757783,26.97305
1726180757799,30.09752
1726180757892,18.57458
1726180757924,15.52603
1726180757955,16.66983
1726180757971,18.502
1726180758033,28.5549
1726180758064,31.12416
1726180758127,27.00694
1726180758142,24.81143
1726180758236,9.208328
1726180758252,5.903503
1726180758299,-3.972168
1726180758314,-6.700974
1726180758330,-9.25322
1726180758346,-11.88655
1726180758424,-27.45903
1726180758471,-33.02725
1726180758486,-35.32257
1726180758533,-48.04584
1726180758549,-53.65051
1726180758564,-58.71782
1726180758580,-62.06879
1726180758642,-41.26779
1726180758658,-28.43991
1726180758674,-14.86188
1726180758721,19.47327
1726180758767,36.3721
1726180758783,37.8895
1726180758814,35.41177
1726180758830,32.23195
1726180758877,22.42598
1726180758892,20.94452
1726180758908,20.77802
1726180758971,27.44321
1726180758986,28.75858
1726180759002,29.40033
1726180759064,26.67604
1726180759080,25.05797
1726180759158,14.67896
1726180759174,12.51985
1726180759221,4.101776
1726180759299,-6.998581
1726180759314,-7.782089
1726180759330,-8.825806
1726180759346,-10.51643
1726180759424,-26.67831
1726180759502,-42.44923
1726180759517,-47.88481
1726180759611,-57.11751
1726180759627,-47.13869
1726180759643,-34.5007
1726180759658,-20.59572
1726180759674,-6.829361
1726180759689,5.722504
1726180759736,31.61623
1726180759752,36.23586
1726180759768,38.99481
1726180759783,39.9757
1726180759846,32.45662
1726180759861,30.26749
1726180759893,27.81268
1726180759908,27.4381
1726180759924,27.46875
1726180759986,31.84778
1726180760018,34.77591
1726180760033,35.09424
1726180760127,19.70669
1726180760158,13.54276
1726180760174,10.46582
1726180760189,7.318184
1726180760205,4.170952
1726180760236,-1.28743
1726180760252,-3.205971
1726180760268,-4.581985
1726180760314,-8.35894
